'John','Doe','20'
'John','Doe','20'
'John','Doe','20'
'John','Doe','20'
'John','Doe','20'
'John','Doe','18'
'John','Doe','18'
'John','Doe','18'
'John','Doe','20'
'John','Doe','18'
'John','Doe','18'
'John','Doe','20'
'John','Doe','20'
'John','Doe','20'
'John','Doe','20'
'John','Doe','20'
'John','Doe','20'
'John','Doe','20'
'John','Doe','20'
'John','Doe','20'
'John','Doe','20'
'John','Doe','20'
'John','Doe','20'
'John','Doe','20'
'John','Doe','20'
'John','Doe','20'
'John','Doe','20'
'John','Doe','20'
'John','Doe','20'
'John','Doe','20'
'John','Doe','20'
'John','Doe','20'
'John','Doe','20'
'John','Doe','20'
'John','Doe','20'
'John','Doe','20'
'John','Doe','20'
'John','Doe','20'
'John','Doe','18'
'John','Doe','18'
'John','Doe','18'
'John','Doe','18'
'John','Doe','20'
'John','Doe','18'
'John','Doe','18'
'John','Doe','18'
'John','Doe','18'
'John','Doe','20'
'John','Doe','20'
'John','Doe','20'
'John','Doe','18'
'John','Doe','20'
'John','Doe','20'
